{"A":{"0":1.7976189721,"1":0.922308762,"2":-2.0496347535,"3":1.2273676369,"4":0.1002753058,"5":0.1249310394,"6":-0.6940423707,"7":-2.1117348254,"8":-0.8658231139,"9":-2.4561038876,"10":-1.1407822964,"11":0.4089695277,"12":0.2070618642,"13":-1.5554675406,"14":0.5404112501,"15":-0.7685417692,"16":0.0300655362,"17":-1.1964853593,"18":-0.162558301,"19":0.7469555803,"20":-0.7126255001,"21":1.7843621937,"22":-0.9699728709,"23":1.5071457572,"24":0.6487781195,"25":2.0771786991,"26":1.8681688599,"27":2.0474247845,"28":0.4294855456,"29":-0.4518103251,"30":1.4477747732,"31":-0.0198642028,"32":1.0606733244,"33":-1.6895073721,"34":-0.2353007867,"35":0.9325231464,"36":-0.3911741899,"37":-0.9691848213,"38":-0.8821842174,"39":-0.0317540382,"40":0.2458223662,"41":0.000920664,"42":0.7307471493,"43":-0.4538986149,"44":-1.6790435892,"45":-0.9605816471,"46":-0.5955970973,"47":-0.4623685068,"48":-0.8498599337,"49":-1.7429516417},"B":{"0":0.3031636913,"1":0.5001921098,"2":-2.1830288444,"3":-0.7987074893,"4":-0.9735358301,"5":0.0139358643,"6":-0.3246491031,"7":0.4060253763,"8":1.5353703647,"9":0.4225375367,"10":0.1482576607,"11":-0.3573663479,"12":-0.1638106754,"13":-1.7146178954,"14":0.9660922407,"15":0.8215957951,"16":0.9602578057,"17":1.0286791299,"18":-1.0669507315,"19":2.0809536373,"20":-0.3739096594,"21":-0.1766825236,"22":-0.3549937802,"23":0.0405273288,"24":-1.7096550986,"25":0.897977401,"26":-0.0357398415,"27":-0.2443391098,"28":0.4219824762,"29":-0.1776656857,"30":-1.1005653381,"31":-0.0742071022,"32":1.586726809,"33":-0.6894523744,"34":-0.3242338001,"35":-0.0370168315,"36":0.7589418712,"37":-0.0574458523,"38":-0.4084637497,"39":-0.6112603289,"40":-0.3780167749,"41":-1.0374692662,"42":0.462934842,"43":1.234102192,"44":-0.6567860718,"45":-0.7841203258,"46":0.7872494138,"47":-0.4775366488,"48":-0.4245297148,"49":0.5373363468},"C":{"0":-0.5292508191,"1":-0.7693851071,"2":-1.1194210065,"3":-0.3682408647,"4":0.3413913254,"5":-1.5712545717,"6":-1.728224701,"7":-0.7507329286,"8":-0.4989085443,"9":-0.1747427886,"10":-1.3480973201,"11":-1.6162906907,"12":-0.05035825,"13":-0.0708074169,"14":1.734803548,"15":0.1915404939,"16":0.7659916608,"17":-0.9325879732,"18":0.2163509724,"19":0.4009508051,"20":-0.7707290935,"21":-0.4651538063,"22":-0.0874065564,"23":-0.8658513368,"24":-0.8295817767,"25":1.1582140694,"26":0.646088605,"27":0.5244270753,"28":0.4137409615,"29":0.3071091214,"30":2.0184304947,"31":-0.7644378817,"32":0.7594428167,"33":-0.1616231653,"34":-1.7533816414,"35":0.8424865033,"36":0.7276572835,"37":-0.8102167267,"38":0.0927111471,"39":0.4023702594,"40":2.7989717838,"41":0.9796328435,"42":0.9591687899,"43":-0.6745106846,"44":-0.4428224692,"45":-0.9026159759,"46":0.713973723,"47":1.9390651071,"48":-0.1818687143,"49":-0.9173061416},"D":{"0":-0.7417931799,"1":-0.8521777654,"2":-1.5468305907,"3":1.1066869486,"4":-0.2899765102,"5":-0.1752017992,"6":1.535623253,"7":0.4831230114,"8":-1.3060653521,"9":-0.9309414999,"10":-1.6331946872,"11":-1.2209818947,"12":-0.043137594,"13":-0.0683332072,"14":0.9820262165,"15":-0.4786263228,"16":2.2423625059,"17":0.6941868549,"18":-0.0009713788,"19":0.408405085,"20":-1.3502465622,"21":0.077359757,"22":-1.324031382,"23":-0.4683529708,"24":-0.5490880875,"25":-0.0901525627,"26":-0.7877367626,"27":1.620263496,"28":-0.455782889,"29":2.1784848755,"30":-2.0179790059,"31":2.2056611957,"32":-1.5461040966,"33":0.5167729895,"34":0.9649955347,"35":-0.6204721307,"36":-1.5178699768,"37":-0.5276162494,"38":-0.2964328658,"39":-0.3106981366,"40":1.8279666163,"41":-2.6117091577,"42":-0.1564946251,"43":-0.0847064397,"44":-1.0773492192,"45":-0.2349835522,"46":1.0927570151,"47":2.0557841531,"48":-0.1381697545,"49":-1.4817700701}}