{"A":{"0":2.1086642221,"1":-0.6651444797,"2":0.9939964045,"3":-0.1982190155,"4":0.20744704,"5":1.1812717189,"6":0.1208569602,"7":1.184947512,"8":1.1869486036,"9":-0.6843126023,"10":-0.233576456,"11":-1.3223654563,"12":-0.7098210597,"13":-0.2918767415,"14":0.2190068127,"15":1.2089578391,"16":0.2182657916,"17":0.9921977051,"18":0.9307379456,"19":1.4255490809,"20":0.1634985268,"21":1.2941627596,"22":-0.587425306,"23":-1.7267444301,"24":-0.8363466285,"25":-0.3227801597,"26":-1.8367648086,"27":-1.2599349275,"28":0.1523225262,"29":-1.0499776018,"30":-0.181411985,"31":1.7273621456,"32":-0.6977811581,"33":-1.1654504256,"34":0.7593691157,"35":-1.4301687532,"36":0.4101277607,"37":-0.823595873,"38":0.1493754653,"39":0.6434362073,"40":0.2057962093,"41":0.5934504825,"42":1.0445835689,"43":0.6031039755,"44":0.4050641059,"45":0.6344940666,"46":0.2981562108,"47":0.414320846,"48":-1.1441236362,"49":2.7762382838},"B":{"0":1.733007367,"1":-0.0094579286,"2":0.8286262014,"3":-1.7904879344,"4":1.1759015104,"5":0.4865783517,"6":-1.9337189334,"7":-1.2266202404,"8":1.8885848927,"9":-0.7160489647,"10":-1.5106962846,"11":-1.5774362571,"12":0.688082261,"13":-0.3039701672,"14":0.9392168718,"15":-0.8061333299,"16":0.6980614693,"17":1.7459050991,"18":2.6671311195,"19":1.2797226704,"20":0.0723127817,"21":0.7172606087,"22":0.7160461479,"23":0.3849450639,"24":-0.1348791621,"25":-0.3569308692,"26":0.7722149681,"27":-0.7330817463,"28":-0.2821012892,"29":-1.5313634085,"30":-0.7756343452,"31":-0.5471627235,"32":-0.1868176419,"33":0.5546582228,"34":0.9250012033,"35":-0.1255901576,"36":0.8861579612,"37":-0.9505338795,"38":-1.0102628687,"39":1.1164669796,"40":-0.480245819,"41":-0.2414155346,"42":-1.0548034606,"43":1.7286894639,"44":1.2966849313,"45":-1.5788058809,"46":0.501695202,"47":1.2662692627,"48":1.9350081761,"49":-2.274181647},"C":{"0":0.5892349406,"1":1.6426843707,"2":0.0503131841,"3":0.683148665,"4":-1.1111470961,"5":-0.0439115659,"6":-1.1179498897,"7":0.9775249543,"8":-2.1018014047,"9":1.1089601772,"10":0.9898943385,"11":0.4771435138,"12":-0.3313927791,"13":0.5295878555,"14":-0.3049408636,"15":0.3352227836,"16":-0.3832288137,"17":1.5311594822,"18":0.3188536861,"19":0.9591970662,"20":-0.2172437196,"21":0.1222102702,"22":-0.4469410791,"23":-0.5054516972,"24":-0.8008077447,"25":2.101961899,"26":-0.1092932892,"27":-1.9702283627,"28":-1.2978287207,"29":-0.6355106261,"30":0.0744527723,"31":1.5451790774,"32":-0.1667362712,"33":-0.4942720175,"34":0.2141012959,"35":0.7170137301,"36":-0.3814742302,"37":-0.7169079146,"38":-0.7281525727,"39":-1.8659422975,"40":1.4468531206,"41":-0.1868505922,"42":-0.3612638322,"43":-0.6014988377,"44":1.5181565083,"45":2.1414735082,"46":-0.4820247696,"47":0.645291418,"48":-0.3718412342,"49":-1.0250875906},"D":{"0":-0.2131752116,"1":-0.249754014,"2":-0.80597962,"3":1.4525490131,"4":1.9658599296,"5":2.352789635,"6":-1.04070556,"7":0.8440887557,"8":0.0571574618,"9":0.5684616315,"10":-0.6889062875,"11":0.1715634115,"12":-1.5119130974,"13":0.3113664736,"14":0.4645853482,"15":-0.4133265496,"16":0.6376153345,"17":-0.3584720607,"18":-1.0016737214,"19":1.5115670889,"20":0.3931095697,"21":-0.4607108937,"22":-0.002323856,"23":0.321510581,"24":-0.1219437566,"25":-0.2729085657,"26":-0.1815565894,"27":0.4454438297,"28":-0.5719553782,"29":1.2611308378,"30":-1.3484637815,"31":-0.7912892281,"32":-1.1309588937,"33":1.7476610353,"34":-1.5013253494,"35":0.8070877633,"36":0.3986508217,"37":-0.8379809743,"38":-0.3152799457,"39":-0.1112923341,"40":1.8701776422,"41":-0.2515210013,"42":-0.359687704,"43":-0.1409814983,"44":0.2566511691,"45":-0.3875678467,"46":0.8014902357,"47":-0.126449462,"48":0.6319796986,"49":-1.7486748004}}